Project Name,Start Date,Deadline,Completion Date,Met Deadline?,Reason Missed,New Deadline,Days Taken
Iota 611,01/01/2023 00:00:00,01/26/2023 00:00:00,02/01/2023 00:00:00,No,Scope Change,02/08/2023 00:00:00,31
Beta 361,01/02/2023 00:00:00,02/16/2023 00:00:00,01/18/2023 00:00:00,Yes,Scope Change,03/15/2023 00:00:00,16
Phoenix 198,01/03/2023 00:00:00,02/06/2023 00:00:00,02/19/2023 00:00:00,No,Approval Delay,03/01/2023 00:00:00,47
Theta 589,01/04/2023 00:00:00,03/04/2023 00:00:00,02/19/2023 00:00:00,Yes,Scope Change,03/15/2023 00:00:00,46
Lambda 288,01/05/2023 00:00:00,02/23/2023 00:00:00,02/24/2023 00:00:00,No,Resource Issues,03/09/2023 00:00:00,50
Chi 608,01/06/2023 00:00:00,02/22/2023 00:00:00,02/12/2023 00:00:00,Yes,Scope Change,03/15/2023 00:00:00,37
Phoenix 138,01/07/2023 00:00:00,01/28/2023 00:00:00,01/24/2023 00:00:00,Yes,Scope Change,03/15/2023 00:00:00,17
Meteor 661,01/08/2023 00:00:00,01/25/2023 00:00:00,03/06/2023 00:00:00,No,Resource Issues,03/15/2023 00:00:00,57
Alpha 678,01/09/2023 00:00:00,02/04/2023 00:00:00,02/18/2023 00:00:00,No,Approval Delay,02/27/2023 00:00:00,40
Psi 910,01/10/2023 00:00:00,02/01/2023 00:00:00,01/24/2023 00:00:00,Yes,Scope Change,03/15/2023 00:00:00,14
Gamma 938,01/11/2023 00:00:00,02/15/2023 00:00:00,01/20/2023 00:00:00,Yes,Scope Change,03/15/2023 00:00:00,9
Nebula 630,01/12/2023 00:00:00,03/12/2023 00:00:00,02/05/2023 00:00:00,Yes,Scope Change,03/15/2023 00:00:00,24
Sirius 944,01/13/2023 00:00:00,02/07/2023 00:00:00,02/12/2023 00:00:00,No,Technical Problem,02/25/2023 00:00:00,30
Nu 70,01/14/2023 00:00:00,02/14/2023 00:00:00,03/12/2023 00:00:00,No,Technical Problem,03/24/2023 00:00:00,57
Iota 88,01/15/2023 00:00:00,02/20/2023 00:00:00,02/18/2023 00:00:00,Yes,Scope Change,03/15/2023 00:00:00,34
Vega 737,01/16/2023 00:00:00,03/05/2023 00:00:00,03/08/2023 00:00:00,No,Technical Problem,03/18/2023 00:00:00,51
Orion 376,01/17/2023 00:00:00,02/10/2023 00:00:00,02/21/2023 00:00:00,No,Scope Change,03/02/2023 00:00:00,35
Mu 833,01/18/2023 00:00:00,02/26/2023 00:00:00,01/30/2023 00:00:00,Yes,Scope Change,03/15/2023 00:00:00,12
Delta 963,01/19/2023 00:00:00,02/20/2023 00:00:00,03/02/2023 00:00:00,No,Resource Issues,03/12/2023 00:00:00,42
Omega 282,01/20/2023 00:00:00,02/24/2023 00:00:00,03/22/2023 00:00:00,No,Technical Problem,03/27/2023 00:00:00,61
Xi 990,01/21/2023 00:00:00,02/21/2023 00:00:00,03/25/2023 00:00:00,No,Resource Issues,03/30/2023 00:00:00,63
Rho 489,01/22/2023 00:00:00,02/14/2023 00:00:00,02/21/2023 00:00:00,No,Resource Issues,03/05/2023 00:00:00,30
Lambda 500,01/23/2023 00:00:00,02/04/2023 00:00:00,04/02/2023 00:00:00,No,Approval Delay,04/17/2023 00:00:00,69
Theta 127,01/24/2023 00:00:00,02/22/2023 00:00:00,03/25/2023 00:00:00,No,Delayed,04/07/2023 00:00:00,60
Mu 404,01/25/2023 00:00:00,02/20/2023 00:00:00,03/01/2023 00:00:00,No,Delayed,03/09/2023 00:00:00,35
Epsilon 111,01/26/2023 00:00:00,03/14/2023 00:00:00,03/03/2023 00:00:00,Yes,Scope Change,03/15/2023 00:00:00,36
Pi 862,01/27/2023 00:00:00,03/10/2023 00:00:00,02/11/2023 00:00:00,Yes,Scope Change,03/15/2023 00:00:00,15
Chi 464,01/28/2023 00:00:00,03/02/2023 00:00:00,03/27/2023 00:00:00,No,Delayed,04/09/2023 00:00:00,58
Nu 914,01/29/2023 00:00:00,02/23/2023 00:00:00,04/03/2023 00:00:00,No,Technical Problem,04/15/2023 00:00:00,64
Orion 228,01/30/2023 00:00:00,02/26/2023 00:00:00,03/10/2023 00:00:00,No,Approval Delay,03/19/2023 00:00:00,39
Eta 892,01/31/2023 00:00:00,02/22/2023 00:00:00,02/15/2023 00:00:00,Yes,Scope Change,03/15/2023 00:00:00,15
Mu 302,02/01/2023 00:00:00,03/02/2023 00:00:00,03/02/2023 00:00:00,Yes,Scope Change,03/15/2023 00:00:00,29
Sigma 85,02/02/2023 00:00:00,02/20/2023 00:00:00,04/08/2023 00:00:00,No,Approval Delay,04/18/2023 00:00:00,65
Lambda 83,02/03/2023 00:00:00,02/22/2023 00:00:00,03/27/2023 00:00:00,No,Approval Delay,04/03/2023 00:00:00,52
Meteor 65,02/04/2023 00:00:00,03/24/2023 00:00:00,04/10/2023 00:00:00,No,Technical Problem,04/23/2023 00:00:00,65
Meteor 400,02/05/2023 00:00:00,02/16/2023 00:00:00,03/17/2023 00:00:00,No,Scope Change,03/22/2023 00:00:00,40
Orion 987,02/06/2023 00:00:00,03/27/2023 00:00:00,04/04/2023 00:00:00,No,Technical Problem,04/12/2023 00:00:00,57
Sirius 635,02/07/2023 00:00:00,04/06/2023 00:00:00,04/12/2023 00:00:00,No,Delayed,04/19/2023 00:00:00,64
Phoenix 326,02/08/2023 00:00:00,02/24/2023 00:00:00,04/08/2023 00:00:00,No,Approval Delay,04/18/2023 00:00:00,59
Xi 513,02/09/2023 00:00:00,03/21/2023 00:00:00,02/22/2023 00:00:00,Yes,Scope Change,03/15/2023 00:00:00,13
Upsilon 980,02/10/2023 00:00:00,03/19/2023 00:00:00,03/13/2023 00:00:00,Yes,Scope Change,03/15/2023 00:00:00,31
Nebula 918,02/11/2023 00:00:00,03/24/2023 00:00:00,04/08/2023 00:00:00,No,Technical Problem,04/13/2023 00:00:00,56
Phoenix 240,02/12/2023 00:00:00,03/04/2023 00:00:00,02/28/2023 00:00:00,Yes,Scope Change,03/15/2023 00:00:00,16
Iota 498,02/13/2023 00:00:00,04/09/2023 00:00:00,03/29/2023 00:00:00,Yes,Scope Change,03/15/2023 00:00:00,44
Nu 259,02/14/2023 00:00:00,03/04/2023 00:00:00,04/01/2023 00:00:00,No,Approval Delay,04/09/2023 00:00:00,46
Sirius 572,02/15/2023 00:00:00,03/14/2023 00:00:00,03/05/2023 00:00:00,Yes,Scope Change,03/15/2023 00:00:00,18
Xi 629,02/16/2023 00:00:00,04/04/2023 00:00:00,03/05/2023 00:00:00,Yes,Scope Change,03/15/2023 00:00:00,17
Chi 632,02/17/2023 00:00:00,04/01/2023 00:00:00,03/14/2023 00:00:00,Yes,Scope Change,03/15/2023 00:00:00,25
Iota 928,02/18/2023 00:00:00,04/02/2023 00:00:00,03/26/2023 00:00:00,Yes,Scope Change,03/15/2023 00:00:00,36
Pi 977,02/19/2023 00:00:00,04/16/2023 00:00:00,04/10/2023 00:00:00,Yes,Scope Change,03/15/2023 00:00:00,50
Sirius 608,02/20/2023 00:00:00,03/14/2023 00:00:00,03/25/2023 00:00:00,No,Scope Change,04/07/2023 00:00:00,33
Epsilon 550,02/21/2023 00:00:00,04/09/2023 00:00:00,03/31/2023 00:00:00,Yes,Scope Change,03/15/2023 00:00:00,38
Phi 359,02/22/2023 00:00:00,04/19/2023 00:00:00,04/03/2023 00:00:00,Yes,Scope Change,03/15/2023 00:00:00,40
Beta 506,02/23/2023 00:00:00,04/16/2023 00:00:00,04/04/2023 00:00:00,Yes,Scope Change,03/15/2023 00:00:00,40
Tau 72,02/24/2023 00:00:00,04/18/2023 00:00:00,03/11/2023 00:00:00,Yes,Scope Change,03/15/2023 00:00:00,15
Orion 431,02/25/2023 00:00:00,03/27/2023 00:00:00,03/31/2023 00:00:00,No,Delayed,04/12/2023 00:00:00,34
Epsilon 935,02/26/2023 00:00:00,03/24/2023 00:00:00,04/04/2023 00:00:00,No,Scope Change,04/10/2023 00:00:00,37
Delta 782,02/27/2023 00:00:00,04/26/2023 00:00:00,04/23/2023 00:00:00,Yes,Scope Change,03/15/2023 00:00:00,55
Xi 321,02/28/2023 00:00:00,03/23/2023 00:00:00,04/05/2023 00:00:00,No,Delayed,04/10/2023 00:00:00,36
Pi 773,03/01/2023 00:00:00,04/19/2023 00:00:00,03/25/2023 00:00:00,Yes,Scope Change,03/15/2023 00:00:00,24
Nu 850,03/02/2023 00:00:00,04/14/2023 00:00:00,04/16/2023 00:00:00,No,Technical Problem,04/27/2023 00:00:00,45
Xi 894,03/03/2023 00:00:00,05/01/2023 00:00:00,05/05/2023 00:00:00,No,Scope Change,05/19/2023 00:00:00,63
Rho 670,03/04/2023 00:00:00,04/26/2023 00:00:00,05/08/2023 00:00:00,No,Scope Change,05/16/2023 00:00:00,65
Theta 779,03/05/2023 00:00:00,04/19/2023 00:00:00,03/28/2023 00:00:00,Yes,Scope Change,03/15/2023 00:00:00,23
Iota 322,03/06/2023 00:00:00,03/26/2023 00:00:00,04/09/2023 00:00:00,No,Resource Issues,04/21/2023 00:00:00,34
Omicron 697,03/07/2023 00:00:00,04/02/2023 00:00:00,04/11/2023 00:00:00,No,Scope Change,04/18/2023 00:00:00,35
Omicron 538,03/08/2023 00:00:00,04/24/2023 00:00:00,03/29/2023 00:00:00,Yes,Scope Change,03/15/2023 00:00:00,21
Comet 509,03/09/2023 00:00:00,04/02/2023 00:00:00,04/03/2023 00:00:00,No,Technical Problem,04/18/2023 00:00:00,25
Theta 577,03/10/2023 00:00:00,03/22/2023 00:00:00,03/21/2023 00:00:00,Yes,Scope Change,03/15/2023 00:00:00,11
Meteor 160,03/11/2023 00:00:00,04/10/2023 00:00:00,05/18/2023 00:00:00,No,Resource Issues,06/01/2023 00:00:00,68
Alpha 259,03/12/2023 00:00:00,04/16/2023 00:00:00,04/06/2023 00:00:00,Yes,Scope Change,03/15/2023 00:00:00,25
Vega 564,03/13/2023 00:00:00,05/09/2023 00:00:00,04/09/2023 00:00:00,Yes,Scope Change,03/15/2023 00:00:00,27
Beta 58,03/14/2023 00:00:00,04/29/2023 00:00:00,04/04/2023 00:00:00,Yes,Scope Change,03/15/2023 00:00:00,21
Eta 659,03/15/2023 00:00:00,04/23/2023 00:00:00,04/29/2023 00:00:00,No,Resource Issues,05/13/2023 00:00:00,45
Phoenix 786,03/16/2023 00:00:00,05/04/2023 00:00:00,04/29/2023 00:00:00,Yes,Scope Change,03/15/2023 00:00:00,44
Alpha 411,03/17/2023 00:00:00,05/02/2023 00:00:00,05/25/2023 00:00:00,No,Delayed,06/02/2023 00:00:00,69
Meteor 443,03/18/2023 00:00:00,05/16/2023 00:00:00,05/07/2023 00:00:00,Yes,Scope Change,03/15/2023 00:00:00,50
Phoenix 18,03/19/2023 00:00:00,05/13/2023 00:00:00,05/17/2023 00:00:00,No,Delayed,06/01/2023 00:00:00,59
Meteor 592,03/20/2023 00:00:00,05/09/2023 00:00:00,04/12/2023 00:00:00,Yes,Scope Change,03/15/2023 00:00:00,23
Omicron 583,03/21/2023 00:00:00,04/27/2023 00:00:00,04/05/2023 00:00:00,Yes,Scope Change,03/15/2023 00:00:00,15
Omega 628,03/22/2023 00:00:00,05/16/2023 00:00:00,05/18/2023 00:00:00,No,Scope Change,06/02/2023 00:00:00,57
Iota 926,03/23/2023 00:00:00,05/02/2023 00:00:00,04/01/2023 00:00:00,Yes,Scope Change,03/15/2023 00:00:00,9
Xi 996,03/24/2023 00:00:00,04/05/2023 00:00:00,05/07/2023 00:00:00,No,Delayed,05/21/2023 00:00:00,44
Omicron 894,03/25/2023 00:00:00,04/18/2023 00:00:00,05/09/2023 00:00:00,No,Technical Problem,05/19/2023 00:00:00,45
Phi 995,03/26/2023 00:00:00,04/05/2023 00:00:00,05/08/2023 00:00:00,No,Resource Issues,05/20/2023 00:00:00,43
Delta 83,03/27/2023 00:00:00,04/16/2023 00:00:00,05/31/2023 00:00:00,No,Technical Problem,06/08/2023 00:00:00,65
Comet 208,03/28/2023 00:00:00,04/09/2023 00:00:00,05/09/2023 00:00:00,No,Approval Delay,05/24/2023 00:00:00,42
Nebula 582,03/29/2023 00:00:00,04/25/2023 00:00:00,04/10/2023 00:00:00,Yes,Scope Change,03/15/2023 00:00:00,12
Chi 209,03/30/2023 00:00:00,04/25/2023 00:00:00,06/03/2023 00:00:00,No,Scope Change,06/08/2023 00:00:00,65
Nebula 663,03/31/2023 00:00:00,05/18/2023 00:00:00,04/18/2023 00:00:00,Yes,Scope Change,03/15/2023 00:00:00,18
Beta 356,04/01/2023 00:00:00,05/26/2023 00:00:00,05/07/2023 00:00:00,Yes,Scope Change,03/15/2023 00:00:00,36
Alpha 705,04/02/2023 00:00:00,05/31/2023 00:00:00,04/11/2023 00:00:00,Yes,Scope Change,03/15/2023 00:00:00,9
Rho 668,04/03/2023 00:00:00,05/13/2023 00:00:00,05/22/2023 00:00:00,No,Delayed,06/04/2023 00:00:00,49
Nebula 507,04/04/2023 00:00:00,05/01/2023 00:00:00,06/03/2023 00:00:00,No,Scope Change,06/15/2023 00:00:00,60
Meteor 609,04/05/2023 00:00:00,05/18/2023 00:00:00,06/09/2023 00:00:00,No,Approval Delay,06/18/2023 00:00:00,65
Epsilon 632,04/06/2023 00:00:00,05/07/2023 00:00:00,04/26/2023 00:00:00,Yes,Scope Change,03/15/2023 00:00:00,20
Phi 901,04/07/2023 00:00:00,05/25/2023 00:00:00,04/24/2023 00:00:00,Yes,Scope Change,03/15/2023 00:00:00,17
Tau 461,04/08/2023 00:00:00,04/25/2023 00:00:00,06/11/2023 00:00:00,No,Resource Issues,06/24/2023 00:00:00,64
Xi 484,04/09/2023 00:00:00,04/27/2023 00:00:00,05/06/2023 00:00:00,No,Delayed,05/21/2023 00:00:00,27
Gamma 234,04/10/2023 00:00:00,05/27/2023 00:00:00,05/08/2023 00:00:00,Yes,Scope Change,03/15/2023 00:00:00,28
Psi 125,04/11/2023 00:00:00,04/25/2023 00:00:00,05/03/2023 00:00:00,No,Approval Delay,05/16/2023 00:00:00,22
Gamma 424,04/12/2023 00:00:00,05/01/2023 00:00:00,05/11/2023 00:00:00,No,Resource Issues,05/16/2023 00:00:00,29
Orion 467,04/13/2023 00:00:00,05/13/2023 00:00:00,04/23/2023 00:00:00,Yes,Scope Change,03/15/2023 00:00:00,10
Gamma 821,04/14/2023 00:00:00,04/25/2023 00:00:00,05/28/2023 00:00:00,No,Delayed,06/10/2023 00:00:00,44
Eta 267,04/15/2023 00:00:00,06/11/2023 00:00:00,06/12/2023 00:00:00,No,Resource Issues,06/24/2023 00:00:00,58
Lambda 403,04/16/2023 00:00:00,05/07/2023 00:00:00,05/06/2023 00:00:00,Yes,Scope Change,03/15/2023 00:00:00,20
Omega 860,04/17/2023 00:00:00,05/06/2023 00:00:00,04/26/2023 00:00:00,Yes,Scope Change,03/15/2023 00:00:00,9
Sirius 661,04/18/2023 00:00:00,05/17/2023 00:00:00,06/05/2023 00:00:00,No,Delayed,06/12/2023 00:00:00,48
Omicron 135,04/19/2023 00:00:00,06/08/2023 00:00:00,06/26/2023 00:00:00,No,Technical Problem,07/08/2023 00:00:00,68
Eta 745,04/20/2023 00:00:00,05/15/2023 00:00:00,05/31/2023 00:00:00,No,Delayed,06/08/2023 00:00:00,41
Gamma 216,04/21/2023 00:00:00,05/30/2023 00:00:00,05/15/2023 00:00:00,Yes,Scope Change,03/15/2023 00:00:00,24
Upsilon 269,04/22/2023 00:00:00,05/11/2023 00:00:00,05/31/2023 00:00:00,No,Technical Problem,06/15/2023 00:00:00,39
Upsilon 167,04/23/2023 00:00:00,06/01/2023 00:00:00,05/10/2023 00:00:00,Yes,Scope Change,03/15/2023 00:00:00,17
Psi 854,04/24/2023 00:00:00,06/01/2023 00:00:00,06/08/2023 00:00:00,No,Delayed,06/21/2023 00:00:00,45
Pi 661,04/25/2023 00:00:00,05/18/2023 00:00:00,07/02/2023 00:00:00,No,Technical Problem,07/11/2023 00:00:00,68
Iota 232,04/26/2023 00:00:00,05/23/2023 00:00:00,06/10/2023 00:00:00,No,Delayed,06/22/2023 00:00:00,45
Theta 322,04/27/2023 00:00:00,05/30/2023 00:00:00,06/23/2023 00:00:00,No,Resource Issues,07/06/2023 00:00:00,57
Meteor 67,04/28/2023 00:00:00,06/14/2023 00:00:00,06/18/2023 00:00:00,No,Delayed,06/28/2023 00:00:00,51
Alpha 571,04/29/2023 00:00:00,06/15/2023 00:00:00,06/03/2023 00:00:00,Yes,Scope Change,03/15/2023 00:00:00,35
Epsilon 701,04/30/2023 00:00:00,05/20/2023 00:00:00,05/25/2023 00:00:00,No,Delayed,05/31/2023 00:00:00,25
Nu 701,05/01/2023 00:00:00,06/02/2023 00:00:00,07/01/2023 00:00:00,No,Resource Issues,07/06/2023 00:00:00,61
Vega 964,05/02/2023 00:00:00,06/26/2023 00:00:00,05/26/2023 00:00:00,Yes,Scope Change,03/15/2023 00:00:00,24
Phoenix 640,05/03/2023 00:00:00,05/18/2023 00:00:00,05/12/2023 00:00:00,Yes,Scope Change,03/15/2023 00:00:00,9
Orion 396,05/04/2023 00:00:00,06/14/2023 00:00:00,07/03/2023 00:00:00,No,Technical Problem,07/18/2023 00:00:00,60
Mu 478,05/05/2023 00:00:00,06/15/2023 00:00:00,06/05/2023 00:00:00,Yes,Scope Change,03/15/2023 00:00:00,31
Comet 119,05/06/2023 00:00:00,06/07/2023 00:00:00,05/23/2023 00:00:00,Yes,Scope Change,03/15/2023 00:00:00,17
Tau 991,05/07/2023 00:00:00,06/20/2023 00:00:00,05/24/2023 00:00:00,Yes,Scope Change,03/15/2023 00:00:00,17
Pi 203,05/08/2023 00:00:00,06/09/2023 00:00:00,07/09/2023 00:00:00,No,Resource Issues,07/15/2023 00:00:00,62
Iota 939,05/09/2023 00:00:00,06/24/2023 00:00:00,07/07/2023 00:00:00,No,Delayed,07/21/2023 00:00:00,59
Chi 805,05/10/2023 00:00:00,05/30/2023 00:00:00,05/31/2023 00:00:00,No,Delayed,06/14/2023 00:00:00,21
Rho 678,05/11/2023 00:00:00,06/28/2023 00:00:00,05/20/2023 00:00:00,Yes,Scope Change,03/15/2023 00:00:00,9
Meteor 106,05/12/2023 00:00:00,06/03/2023 00:00:00,06/26/2023 00:00:00,No,Delayed,07/06/2023 00:00:00,45
Zeta 714,05/13/2023 00:00:00,07/09/2023 00:00:00,05/26/2023 00:00:00,Yes,Scope Change,03/15/2023 00:00:00,13
Rho 229,05/14/2023 00:00:00,06/05/2023 00:00:00,07/05/2023 00:00:00,No,Technical Problem,07/18/2023 00:00:00,52
Alpha 910,05/15/2023 00:00:00,06/28/2023 00:00:00,06/09/2023 00:00:00,Yes,Scope Change,03/15/2023 00:00:00,25
Omicron 474,05/16/2023 00:00:00,07/06/2023 00:00:00,06/24/2023 00:00:00,Yes,Scope Change,03/15/2023 00:00:00,39
Xi 994,05/17/2023 00:00:00,06/05/2023 00:00:00,07/22/2023 00:00:00,No,Delayed,08/05/2023 00:00:00,66
Iota 476,05/18/2023 00:00:00,07/09/2023 00:00:00,06/18/2023 00:00:00,Yes,Scope Change,03/15/2023 00:00:00,31
Nu 68,05/19/2023 00:00:00,07/06/2023 00:00:00,07/23/2023 00:00:00,No,Approval Delay,08/02/2023 00:00:00,65
Phoenix 423,05/20/2023 00:00:00,06/01/2023 00:00:00,06/28/2023 00:00:00,No,Scope Change,07/09/2023 00:00:00,39
Upsilon 555,05/21/2023 00:00:00,06/19/2023 00:00:00,06/09/2023 00:00:00,Yes,Scope Change,03/15/2023 00:00:00,19
Nebula 754,05/22/2023 00:00:00,07/06/2023 00:00:00,06/26/2023 00:00:00,Yes,Scope Change,03/15/2023 00:00:00,35
Rho 468,05/23/2023 00:00:00,06/15/2023 00:00:00,07/29/2023 00:00:00,No,Approval Delay,08/10/2023 00:00:00,67
Comet 974,05/24/2023 00:00:00,07/15/2023 00:00:00,06/28/2023 00:00:00,Yes,Scope Change,03/15/2023 00:00:00,35
Omicron 763,05/25/2023 00:00:00,07/20/2023 00:00:00,07/29/2023 00:00:00,No,Technical Problem,08/05/2023 00:00:00,65
Xi 468,05/26/2023 00:00:00,06/18/2023 00:00:00,07/03/2023 00:00:00,No,Scope Change,07/11/2023 00:00:00,38
Sirius 582,05/27/2023 00:00:00,07/19/2023 00:00:00,06/14/2023 00:00:00,Yes,Scope Change,03/15/2023 00:00:00,18
Eta 642,05/28/2023 00:00:00,07/02/2023 00:00:00,06/07/2023 00:00:00,Yes,Scope Change,03/15/2023 00:00:00,10
Pi 25,05/29/2023 00:00:00,06/23/2023 00:00:00,06/21/2023 00:00:00,Yes,Scope Change,03/15/2023 00:00:00,23
Omicron 585,05/30/2023 00:00:00,06/14/2023 00:00:00,06/14/2023 00:00:00,Yes,Scope Change,03/15/2023 00:00:00,15
Meteor 386,05/31/2023 00:00:00,06/30/2023 00:00:00,07/08/2023 00:00:00,No,Delayed,07/14/2023 00:00:00,38
Nu 325,06/01/2023 00:00:00,07/08/2023 00:00:00,07/28/2023 00:00:00,No,Delayed,08/11/2023 00:00:00,57
Upsilon 801,06/02/2023 00:00:00,06/18/2023 00:00:00,07/11/2023 00:00:00,No,Delayed,07/24/2023 00:00:00,39
Delta 259,06/03/2023 00:00:00,07/17/2023 00:00:00,07/17/2023 00:00:00,Yes,Scope Change,03/15/2023 00:00:00,44
Theta 657,06/04/2023 00:00:00,07/10/2023 00:00:00,08/05/2023 00:00:00,No,Approval Delay,08/16/2023 00:00:00,62
Iota 690,06/05/2023 00:00:00,07/10/2023 00:00:00,07/18/2023 00:00:00,No,Resource Issues,07/26/2023 00:00:00,43
Gamma 879,06/06/2023 00:00:00,07/07/2023 00:00:00,07/11/2023 00:00:00,No,Resource Issues,07/19/2023 00:00:00,35
Beta 169,06/07/2023 00:00:00,07/27/2023 00:00:00,07/27/2023 00:00:00,Yes,Scope Change,03/15/2023 00:00:00,50
Xi 608,06/08/2023 00:00:00,07/23/2023 00:00:00,06/17/2023 00:00:00,Yes,Scope Change,03/15/2023 00:00:00,9
Sirius 763,06/09/2023 00:00:00,07/23/2023 00:00:00,06/26/2023 00:00:00,Yes,Scope Change,03/15/2023 00:00:00,17
Phi 271,06/10/2023 00:00:00,07/23/2023 00:00:00,08/08/2023 00:00:00,No,Technical Problem,08/16/2023 00:00:00,59
Eta 291,06/11/2023 00:00:00,07/12/2023 00:00:00,06/22/2023 00:00:00,Yes,Scope Change,03/15/2023 00:00:00,11
Theta 520,06/12/2023 00:00:00,07/27/2023 00:00:00,08/20/2023 00:00:00,No,Scope Change,09/03/2023 00:00:00,69
Chi 554,06/13/2023 00:00:00,07/14/2023 00:00:00,08/13/2023 00:00:00,No,Approval Delay,08/28/2023 00:00:00,61
Mu 352,06/14/2023 00:00:00,07/07/2023 00:00:00,07/01/2023 00:00:00,Yes,Scope Change,03/15/2023 00:00:00,17
Meteor 275,06/15/2023 00:00:00,07/22/2023 00:00:00,08/09/2023 00:00:00,No,Approval Delay,08/24/2023 00:00:00,55
Psi 181,06/16/2023 00:00:00,07/29/2023 00:00:00,08/09/2023 00:00:00,No,Approval Delay,08/18/2023 00:00:00,54
Zeta 862,06/17/2023 00:00:00,08/12/2023 00:00:00,06/27/2023 00:00:00,Yes,Scope Change,03/15/2023 00:00:00,10
Alpha 938,06/18/2023 00:00:00,07/14/2023 00:00:00,07/14/2023 00:00:00,Yes,Scope Change,03/15/2023 00:00:00,26
Comet 722,06/19/2023 00:00:00,07/13/2023 00:00:00,08/15/2023 00:00:00,No,Delayed,08/22/2023 00:00:00,57
Mu 506,06/20/2023 00:00:00,08/18/2023 00:00:00,08/01/2023 00:00:00,Yes,Scope Change,03/15/2023 00:00:00,42
Sirius 664,06/21/2023 00:00:00,08/04/2023 00:00:00,08/15/2023 00:00:00,No,Technical Problem,08/29/2023 00:00:00,55
Zeta 883,06/22/2023 00:00:00,07/25/2023 00:00:00,08/04/2023 00:00:00,No,Approval Delay,08/16/2023 00:00:00,43
Delta 167,06/23/2023 00:00:00,07/21/2023 00:00:00,07/29/2023 00:00:00,No,Approval Delay,08/03/2023 00:00:00,36
Eta 421,06/24/2023 00:00:00,07/28/2023 00:00:00,08/06/2023 00:00:00,No,Approval Delay,08/12/2023 00:00:00,43
Gamma 566,06/25/2023 00:00:00,07/16/2023 00:00:00,08/14/2023 00:00:00,No,Approval Delay,08/28/2023 00:00:00,50
Upsilon 255,06/26/2023 00:00:00,07/23/2023 00:00:00,08/26/2023 00:00:00,No,Technical Problem,09/05/2023 00:00:00,61
Omicron 482,06/27/2023 00:00:00,07/31/2023 00:00:00,08/07/2023 00:00:00,No,Technical Problem,08/13/2023 00:00:00,41
Sigma 336,06/28/2023 00:00:00,08/22/2023 00:00:00,08/29/2023 00:00:00,No,Approval Delay,09/13/2023 00:00:00,62
Iota 693,06/29/2023 00:00:00,08/03/2023 00:00:00,08/28/2023 00:00:00,No,Resource Issues,09/11/2023 00:00:00,60
Kappa 109,06/30/2023 00:00:00,07/22/2023 00:00:00,07/08/2023 00:00:00,Yes,Scope Change,03/15/2023 00:00:00,8
Pi 830,07/01/2023 00:00:00,08/18/2023 00:00:00,08/06/2023 00:00:00,Yes,Scope Change,03/15/2023 00:00:00,36
Chi 929,07/02/2023 00:00:00,07/19/2023 00:00:00,08/04/2023 00:00:00,No,Delayed,08/12/2023 00:00:00,33
Rho 993,07/03/2023 00:00:00,07/23/2023 00:00:00,09/10/2023 00:00:00,No,Approval Delay,09/19/2023 00:00:00,69
Lambda 481,07/04/2023 00:00:00,07/25/2023 00:00:00,08/31/2023 00:00:00,No,Resource Issues,09/13/2023 00:00:00,58
Omicron 308,07/05/2023 00:00:00,07/17/2023 00:00:00,07/22/2023 00:00:00,No,Technical Problem,08/03/2023 00:00:00,17
Mu 114,07/06/2023 00:00:00,08/14/2023 00:00:00,07/29/2023 00:00:00,Yes,Scope Change,03/15/2023 00:00:00,23
Gamma 273,07/07/2023 00:00:00,08/13/2023 00:00:00,08/19/2023 00:00:00,No,Approval Delay,09/01/2023 00:00:00,43
Alpha 218,07/08/2023 00:00:00,08/08/2023 00:00:00,07/27/2023 00:00:00,Yes,Scope Change,03/15/2023 00:00:00,19
Gamma 709,07/09/2023 00:00:00,08/12/2023 00:00:00,07/19/2023 00:00:00,Yes,Scope Change,03/15/2023 00:00:00,10
Mu 589,07/10/2023 00:00:00,08/09/2023 00:00:00,09/11/2023 00:00:00,No,Scope Change,09/17/2023 00:00:00,63
Pi 159,07/11/2023 00:00:00,09/01/2023 00:00:00,08/06/2023 00:00:00,Yes,Scope Change,03/15/2023 00:00:00,26
Vega 571,07/12/2023 00:00:00,08/30/2023 00:00:00,09/18/2023 00:00:00,No,Delayed,09/27/2023 00:00:00,68
Comet 920,07/13/2023 00:00:00,08/17/2023 00:00:00,07/26/2023 00:00:00,Yes,Scope Change,03/15/2023 00:00:00,13
Pi 443,07/14/2023 00:00:00,08/23/2023 00:00:00,09/17/2023 00:00:00,No,Delayed,10/02/2023 00:00:00,65
Phi 844,07/15/2023 00:00:00,09/10/2023 00:00:00,08/09/2023 00:00:00,Yes,Scope Change,03/15/2023 00:00:00,25
Kappa 331,07/16/2023 00:00:00,08/06/2023 00:00:00,09/08/2023 00:00:00,No,Scope Change,09/19/2023 00:00:00,54
Phoenix 112,07/17/2023 00:00:00,08/19/2023 00:00:00,09/08/2023 00:00:00,No,Delayed,09/19/2023 00:00:00,53
Chi 760,07/18/2023 00:00:00,08/26/2023 00:00:00,09/23/2023 00:00:00,No,Technical Problem,10/07/2023 00:00:00,67
Mu 717,07/19/2023 00:00:00,09/11/2023 00:00:00,08/01/2023 00:00:00,Yes,Scope Change,03/15/2023 00:00:00,13
Epsilon 939,07/20/2023 00:00:00,08/31/2023 00:00:00,08/15/2023 00:00:00,Yes,Scope Change,03/15/2023 00:00:00,26
Zeta 770,07/21/2023 00:00:00,08/21/2023 00:00:00,08/16/2023 00:00:00,Yes,Scope Change,03/15/2023 00:00:00,26
Phoenix 617,07/22/2023 00:00:00,08/29/2023 00:00:00,09/01/2023 00:00:00,No,Approval Delay,09/14/2023 00:00:00,41
Gamma 813,07/23/2023 00:00:00,08/07/2023 00:00:00,09/25/2023 00:00:00,No,Delayed,10/06/2023 00:00:00,64
Vega 187,07/24/2023 00:00:00,08/07/2023 00:00:00,09/14/2023 00:00:00,No,Scope Change,09/29/2023 00:00:00,52
Kappa 626,07/25/2023 00:00:00,08/11/2023 00:00:00,08/04/2023 00:00:00,Yes,Scope Change,03/15/2023 00:00:00,10
Phi 324,07/26/2023 00:00:00,09/08/2023 00:00:00,08/06/2023 00:00:00,Yes,Scope Change,03/15/2023 00:00:00,11
Eta 235,07/27/2023 00:00:00,08/30/2023 00:00:00,09/10/2023 00:00:00,No,Approval Delay,09/22/2023 00:00:00,45
Phoenix 256,07/28/2023 00:00:00,08/07/2023 00:00:00,08/27/2023 00:00:00,No,Scope Change,09/01/2023 00:00:00,30
Omicron 190,07/29/2023 00:00:00,09/12/2023 00:00:00,09/24/2023 00:00:00,No,Resource Issues,10/05/2023 00:00:00,57
Meteor 203,07/30/2023 00:00:00,09/07/2023 00:00:00,10/04/2023 00:00:00,No,Delayed,10/12/2023 00:00:00,66
Comet 451,07/31/2023 00:00:00,08/13/2023 00:00:00,10/05/2023 00:00:00,No,Approval Delay,10/10/2023 00:00:00,66
Psi 423,08/01/2023 00:00:00,08/30/2023 00:00:00,08/12/2023 00:00:00,Yes,Scope Change,03/15/2023 00:00:00,11
Chi 102,08/02/2023 00:00:00,09/15/2023 00:00:00,09/20/2023 00:00:00,No,Scope Change,09/27/2023 00:00:00,49
Theta 695,08/03/2023 00:00:00,09/25/2023 00:00:00,08/30/2023 00:00:00,Yes,Scope Change,03/15/2023 00:00:00,27
Nebula 753,08/04/2023 00:00:00,08/30/2023 00:00:00,10/09/2023 00:00:00,No,Scope Change,10/17/2023 00:00:00,66
Tau 455,08/05/2023 00:00:00,09/16/2023 00:00:00,09/11/2023 00:00:00,Yes,Scope Change,03/15/2023 00:00:00,37
Meteor 597,08/06/2023 00:00:00,09/03/2023 00:00:00,10/11/2023 00:00:00,No,Delayed,10/25/2023 00:00:00,66
Phoenix 4,08/07/2023 00:00:00,09/18/2023 00:00:00,08/17/2023 00:00:00,Yes,Scope Change,03/15/2023 00:00:00,10
Delta 795,08/08/2023 00:00:00,09/07/2023 00:00:00,09/05/2023 00:00:00,Yes,Scope Change,03/15/2023 00:00:00,28
Sirius 996,08/09/2023 00:00:00,10/07/2023 00:00:00,08/23/2023 00:00:00,Yes,Scope Change,03/15/2023 00:00:00,14
Nu 354,08/10/2023 00:00:00,09/24/2023 00:00:00,09/17/2023 00:00:00,Yes,Scope Change,03/15/2023 00:00:00,38
Phoenix 948,08/11/2023 00:00:00,08/24/2023 00:00:00,10/15/2023 00:00:00,No,Technical Problem,10/24/2023 00:00:00,65
Meteor 381,08/12/2023 00:00:00,09/13/2023 00:00:00,09/06/2023 00:00:00,Yes,Scope Change,03/15/2023 00:00:00,25
Omicron 114,08/13/2023 00:00:00,10/05/2023 00:00:00,09/29/2023 00:00:00,Yes,Scope Change,03/15/2023 00:00:00,47
Vega 739,08/14/2023 00:00:00,08/25/2023 00:00:00,09/01/2023 00:00:00,No,Approval Delay,09/08/2023 00:00:00,18
Zeta 257,08/15/2023 00:00:00,10/04/2023 00:00:00,10/04/2023 00:00:00,Yes,Scope Change,03/15/2023 00:00:00,50
Epsilon 127,08/16/2023 00:00:00,09/13/2023 00:00:00,09/25/2023 00:00:00,No,Approval Delay,10/05/2023 00:00:00,40
Theta 888,08/17/2023 00:00:00,09/10/2023 00:00:00,08/28/2023 00:00:00,Yes,Scope Change,03/15/2023 00:00:00,11
Iota 840,08/18/2023 00:00:00,09/08/2023 00:00:00,10/06/2023 00:00:00,No,Technical Problem,10/15/2023 00:00:00,49
Lambda 631,08/19/2023 00:00:00,09/14/2023 00:00:00,10/25/2023 00:00:00,No,Scope Change,11/06/2023 00:00:00,67
Kappa 862,08/20/2023 00:00:00,09/18/2023 00:00:00,10/18/2023 00:00:00,No,Scope Change,10/26/2023 00:00:00,59
Omega 828,08/21/2023 00:00:00,08/31/2023 00:00:00,09/14/2023 00:00:00,No,Scope Change,09/22/2023 00:00:00,24
Eta 76,08/22/2023 00:00:00,10/06/2023 00:00:00,09/05/2023 00:00:00,Yes,Scope Change,03/15/2023 00:00:00,14
Upsilon 245,08/23/2023 00:00:00,09/11/2023 00:00:00,09/26/2023 00:00:00,No,Resource Issues,10/03/2023 00:00:00,34
Comet 243,08/24/2023 00:00:00,09/07/2023 00:00:00,10/16/2023 00:00:00,No,Resource Issues,10/31/2023 00:00:00,53
Gamma 106,08/25/2023 00:00:00,09/29/2023 00:00:00,09/20/2023 00:00:00,Yes,Scope Change,03/15/2023 00:00:00,26
Tau 909,08/26/2023 00:00:00,09/08/2023 00:00:00,09/04/2023 00:00:00,Yes,Scope Change,03/15/2023 00:00:00,9
Iota 480,08/27/2023 00:00:00,09/06/2023 00:00:00,09/27/2023 00:00:00,No,Scope Change,10/07/2023 00:00:00,31
Beta 677,08/28/2023 00:00:00,09/22/2023 00:00:00,10/05/2023 00:00:00,No,Scope Change,10/20/2023 00:00:00,38
Nebula 203,08/29/2023 00:00:00,10/22/2023 00:00:00,09/06/2023 00:00:00,Yes,Scope Change,03/15/2023 00:00:00,8
Phoenix 313,08/30/2023 00:00:00,09/28/2023 00:00:00,10/08/2023 00:00:00,No,Delayed,10/22/2023 00:00:00,39
Gamma 8,08/31/2023 00:00:00,09/26/2023 00:00:00,10/14/2023 00:00:00,No,Scope Change,10/19/2023 00:00:00,44
Sirius 273,09/01/2023 00:00:00,10/14/2023 00:00:00,09/14/2023 00:00:00,Yes,Scope Change,03/15/2023 00:00:00,13
Alpha 46,09/02/2023 00:00:00,10/22/2023 00:00:00,10/03/2023 00:00:00,Yes,Scope Change,03/15/2023 00:00:00,31
Phoenix 566,09/03/2023 00:00:00,10/17/2023 00:00:00,11/02/2023 00:00:00,No,Resource Issues,11/12/2023 00:00:00,60
Comet 371,09/04/2023 00:00:00,10/30/2023 00:00:00,10/28/2023 00:00:00,Yes,Scope Change,03/15/2023 00:00:00,54
Psi 398,09/05/2023 00:00:00,09/24/2023 00:00:00,11/03/2023 00:00:00,No,Scope Change,11/16/2023 00:00:00,59
Iota 434,09/06/2023 00:00:00,11/03/2023 00:00:00,09/21/2023 00:00:00,Yes,Scope Change,03/15/2023 00:00:00,15
Omega 521,09/07/2023 00:00:00,10/05/2023 00:00:00,09/22/2023 00:00:00,Yes,Scope Change,03/15/2023 00:00:00,15
Mu 780,09/08/2023 00:00:00,10/20/2023 00:00:00,10/17/2023 00:00:00,Yes,Scope Change,03/15/2023 00:00:00,39
Meteor 213,09/09/2023 00:00:00,10/13/2023 00:00:00,10/09/2023 00:00:00,Yes,Scope Change,03/15/2023 00:00:00,30
Alpha 862,09/10/2023 00:00:00,10/11/2023 00:00:00,10/22/2023 00:00:00,No,Scope Change,10/27/2023 00:00:00,42
Sirius 542,09/11/2023 00:00:00,10/11/2023 00:00:00,10/17/2023 00:00:00,No,Resource Issues,10/28/2023 00:00:00,36
Eta 82,09/12/2023 00:00:00,11/07/2023 00:00:00,10/29/2023 00:00:00,Yes,Scope Change,03/15/2023 00:00:00,47
Orion 215,09/13/2023 00:00:00,10/24/2023 00:00:00,11/15/2023 00:00:00,No,Approval Delay,11/27/2023 00:00:00,63
Sirius 630,09/14/2023 00:00:00,10/04/2023 00:00:00,10/03/2023 00:00:00,Yes,Scope Change,03/15/2023 00:00:00,19
Upsilon 269,09/15/2023 00:00:00,10/21/2023 00:00:00,10/05/2023 00:00:00,Yes,Scope Change,03/15/2023 00:00:00,20
Iota 101,09/16/2023 00:00:00,09/30/2023 00:00:00,09/27/2023 00:00:00,Yes,Scope Change,03/15/2023 00:00:00,11
Mu 243,09/17/2023 00:00:00,10/27/2023 00:00:00,11/19/2023 00:00:00,No,Resource Issues,12/03/2023 00:00:00,63
Sigma 541,09/18/2023 00:00:00,11/14/2023 00:00:00,10/15/2023 00:00:00,Yes,Scope Change,03/15/2023 00:00:00,27
Omicron 516,09/19/2023 00:00:00,10/09/2023 00:00:00,10/29/2023 00:00:00,No,Delayed,11/08/2023 00:00:00,40
Lambda 904,09/20/2023 00:00:00,10/31/2023 00:00:00,10/26/2023 00:00:00,Yes,Scope Change,03/15/2023 00:00:00,36
Epsilon 972,09/21/2023 00:00:00,10/15/2023 00:00:00,11/06/2023 00:00:00,No,Delayed,11/12/2023 00:00:00,46
Eta 255,09/22/2023 00:00:00,10/12/2023 00:00:00,10/25/2023 00:00:00,No,Technical Problem,11/04/2023 00:00:00,33
Phoenix 833,09/23/2023 00:00:00,11/11/2023 00:00:00,11/12/2023 00:00:00,No,Scope Change,11/21/2023 00:00:00,50
Omega 534,09/24/2023 00:00:00,10/09/2023 00:00:00,11/21/2023 00:00:00,No,Scope Change,12/02/2023 00:00:00,58
Mu 884,09/25/2023 00:00:00,10/07/2023 00:00:00,11/14/2023 00:00:00,No,Scope Change,11/23/2023 00:00:00,50
Comet 395,09/26/2023 00:00:00,11/03/2023 00:00:00,11/04/2023 00:00:00,No,Technical Problem,11/18/2023 00:00:00,39
Orion 437,09/27/2023 00:00:00,10/28/2023 00:00:00,10/15/2023 00:00:00,Yes,Scope Change,03/15/2023 00:00:00,18
Orion 744,09/28/2023 00:00:00,11/05/2023 00:00:00,12/03/2023 00:00:00,No,Resource Issues,12/10/2023 00:00:00,66
Orion 185,09/29/2023 00:00:00,11/15/2023 00:00:00,10/15/2023 00:00:00,Yes,Scope Change,03/15/2023 00:00:00,16
Lambda 336,09/30/2023 00:00:00,10/15/2023 00:00:00,11/22/2023 00:00:00,No,Approval Delay,12/02/2023 00:00:00,53
Psi 833,10/01/2023 00:00:00,11/10/2023 00:00:00,11/12/2023 00:00:00,No,Scope Change,11/26/2023 00:00:00,42
Epsilon 474,10/02/2023 00:00:00,10/21/2023 00:00:00,12/10/2023 00:00:00,No,Approval Delay,12/19/2023 00:00:00,69
Upsilon 432,10/03/2023 00:00:00,10/20/2023 00:00:00,11/02/2023 00:00:00,No,Approval Delay,11/10/2023 00:00:00,30
Kappa 554,10/04/2023 00:00:00,11/21/2023 00:00:00,10/31/2023 00:00:00,Yes,Scope Change,03/15/2023 00:00:00,27
Nebula 382,10/05/2023 00:00:00,11/28/2023 00:00:00,10/19/2023 00:00:00,Yes,Scope Change,03/15/2023 00:00:00,14
Theta 619,10/06/2023 00:00:00,11/06/2023 00:00:00,10/25/2023 00:00:00,Yes,Scope Change,03/15/2023 00:00:00,19
Nu 578,10/07/2023 00:00:00,11/09/2023 00:00:00,11/23/2023 00:00:00,No,Technical Problem,12/03/2023 00:00:00,47
Nebula 715,10/08/2023 00:00:00,11/17/2023 00:00:00,11/09/2023 00:00:00,Yes,Scope Change,03/15/2023 00:00:00,32
Upsilon 865,10/09/2023 00:00:00,11/09/2023 00:00:00,11/11/2023 00:00:00,No,Approval Delay,11/16/2023 00:00:00,33
Meteor 267,10/10/2023 00:00:00,12/05/2023 00:00:00,10/27/2023 00:00:00,Yes,Scope Change,03/15/2023 00:00:00,17
Tau 855,10/11/2023 00:00:00,11/16/2023 00:00:00,11/28/2023 00:00:00,No,Resource Issues,12/05/2023 00:00:00,48
Omega 542,10/12/2023 00:00:00,10/30/2023 00:00:00,11/07/2023 00:00:00,No,Approval Delay,11/16/2023 00:00:00,26
Psi 646,10/13/2023 00:00:00,12/05/2023 00:00:00,11/30/2023 00:00:00,Yes,Scope Change,03/15/2023 00:00:00,48
Upsilon 389,10/14/2023 00:00:00,11/29/2023 00:00:00,10/26/2023 00:00:00,Yes,Scope Change,03/15/2023 00:00:00,12
Beta 269,10/15/2023 00:00:00,12/08/2023 00:00:00,11/04/2023 00:00:00,Yes,Scope Change,03/15/2023 00:00:00,20
Nebula 655,10/16/2023 00:00:00,11/27/2023 00:00:00,11/23/2023 00:00:00,Yes,Scope Change,03/15/2023 00:00:00,38
Iota 948,10/17/2023 00:00:00,11/11/2023 00:00:00,10/31/2023 00:00:00,Yes,Scope Change,03/15/2023 00:00:00,14
Rho 749,10/18/2023 00:00:00,11/08/2023 00:00:00,11/14/2023 00:00:00,No,Scope Change,11/25/2023 00:00:00,27
Delta 410,10/19/2023 00:00:00,11/14/2023 00:00:00,12/04/2023 00:00:00,No,Delayed,12/10/2023 00:00:00,46
Zeta 329,10/20/2023 00:00:00,12/18/2023 00:00:00,11/07/2023 00:00:00,Yes,Scope Change,03/15/2023 00:00:00,18
Upsilon 572,10/21/2023 00:00:00,12/04/2023 00:00:00,12/28/2023 00:00:00,No,Approval Delay,01/07/2024 00:00:00,68
Rho 890,10/22/2023 00:00:00,11/19/2023 00:00:00,12/17/2023 00:00:00,No,Scope Change,12/25/2023 00:00:00,56
Nu 92,10/23/2023 00:00:00,12/01/2023 00:00:00,11/15/2023 00:00:00,Yes,Scope Change,03/15/2023 00:00:00,23
Tau 163,10/24/2023 00:00:00,11/08/2023 00:00:00,11/26/2023 00:00:00,No,Resource Issues,12/03/2023 00:00:00,33
Kappa 337,10/25/2023 00:00:00,11/07/2023 00:00:00,12/01/2023 00:00:00,No,Resource Issues,12/10/2023 00:00:00,37
Sigma 315,10/26/2023 00:00:00,11/27/2023 00:00:00,11/28/2023 00:00:00,No,Delayed,12/13/2023 00:00:00,33
Comet 995,10/27/2023 00:00:00,11/11/2023 00:00:00,12/15/2023 00:00:00,No,Scope Change,12/27/2023 00:00:00,49
Vega 744,10/28/2023 00:00:00,12/10/2023 00:00:00,12/15/2023 00:00:00,No,Technical Problem,12/27/2023 00:00:00,48
Eta 409,10/29/2023 00:00:00,12/27/2023 00:00:00,11/24/2023 00:00:00,Yes,Scope Change,03/15/2023 00:00:00,26
Phoenix 163,10/30/2023 00:00:00,12/04/2023 00:00:00,12/29/2023 00:00:00,No,Scope Change,01/07/2024 00:00:00,60
Nu 360,10/31/2023 00:00:00,12/19/2023 00:00:00,11/20/2023 00:00:00,Yes,Scope Change,03/15/2023 00:00:00,20
Gamma 301,11/01/2023 00:00:00,11/30/2023 00:00:00,01/04/2024 00:00:00,No,Resource Issues,01/11/2024 00:00:00,64
Nebula 743,11/02/2023 00:00:00,12/14/2023 00:00:00,11/24/2023 00:00:00,Yes,Scope Change,03/15/2023 00:00:00,22
Nu 719,11/03/2023 00:00:00,11/13/2023 00:00:00,12/10/2023 00:00:00,No,Resource Issues,12/19/2023 00:00:00,37
Omicron 12,11/04/2023 00:00:00,11/14/2023 00:00:00,01/10/2024 00:00:00,No,Technical Problem,01/16/2024 00:00:00,67
Nu 555,11/05/2023 00:00:00,12/19/2023 00:00:00,12/10/2023 00:00:00,Yes,Scope Change,03/15/2023 00:00:00,35
Orion 271,11/06/2023 00:00:00,11/28/2023 00:00:00,12/21/2023 00:00:00,No,Resource Issues,01/04/2024 00:00:00,45
Lambda 429,11/07/2023 00:00:00,11/27/2023 00:00:00,11/21/2023 00:00:00,Yes,Scope Change,03/15/2023 00:00:00,14
Iota 335,11/08/2023 00:00:00,01/06/2024 00:00:00,12/22/2023 00:00:00,Yes,Scope Change,03/15/2023 00:00:00,44
Pi 929,11/09/2023 00:00:00,11/19/2023 00:00:00,11/22/2023 00:00:00,No,Delayed,11/30/2023 00:00:00,13
Orion 431,11/10/2023 00:00:00,12/17/2023 00:00:00,12/11/2023 00:00:00,Yes,Scope Change,03/15/2023 00:00:00,31
Iota 790,11/11/2023 00:00:00,12/11/2023 00:00:00,12/20/2023 00:00:00,No,Technical Problem,12/27/2023 00:00:00,39
Comet 522,11/12/2023 00:00:00,12/21/2023 00:00:00,12/06/2023 00:00:00,Yes,Scope Change,03/15/2023 00:00:00,24
Sirius 399,11/13/2023 00:00:00,12/17/2023 00:00:00,12/11/2023 00:00:00,Yes,Scope Change,03/15/2023 00:00:00,28
Omega 792,11/14/2023 00:00:00,12/27/2023 00:00:00,12/09/2023 00:00:00,Yes,Scope Change,03/15/2023 00:00:00,25
Beta 859,11/15/2023 00:00:00,11/27/2023 00:00:00,01/21/2024 00:00:00,No,Approval Delay,02/04/2024 00:00:00,67
Zeta 666,11/16/2023 00:00:00,12/24/2023 00:00:00,01/20/2024 00:00:00,No,Scope Change,02/01/2024 00:00:00,65
Omega 216,11/17/2023 00:00:00,12/29/2023 00:00:00,12/06/2023 00:00:00,Yes,Scope Change,03/15/2023 00:00:00,19
Omicron 560,11/18/2023 00:00:00,12/18/2023 00:00:00,12/30/2023 00:00:00,No,Delayed,01/05/2024 00:00:00,42
Omega 950,11/19/2023 00:00:00,01/14/2024 00:00:00,12/26/2023 00:00:00,Yes,Scope Change,03/15/2023 00:00:00,37
Delta 854,11/20/2023 00:00:00,12/09/2023 00:00:00,12/14/2023 00:00:00,No,Resource Issues,12/25/2023 00:00:00,24
Theta 757,11/21/2023 00:00:00,01/02/2024 00:00:00,12/27/2023 00:00:00,Yes,Scope Change,03/15/2023 00:00:00,36
Sigma 848,11/22/2023 00:00:00,12/17/2023 00:00:00,12/15/2023 00:00:00,Yes,Scope Change,03/15/2023 00:00:00,23
Alpha 290,11/23/2023 00:00:00,12/26/2023 00:00:00,01/21/2024 00:00:00,No,Delayed,02/05/2024 00:00:00,59
Delta 441,11/24/2023 00:00:00,01/14/2024 00:00:00,01/25/2024 00:00:00,No,Scope Change,02/05/2024 00:00:00,62
Nebula 440,11/25/2023 00:00:00,01/14/2024 00:00:00,01/14/2024 00:00:00,Yes,Scope Change,03/15/2023 00:00:00,50
Gamma 590,11/26/2023 00:00:00,12/06/2023 00:00:00,12/06/2023 00:00:00,Yes,Scope Change,03/15/2023 00:00:00,10
Omega 691,11/27/2023 00:00:00,01/19/2024 00:00:00,01/28/2024 00:00:00,No,Technical Problem,02/05/2024 00:00:00,62
Pi 735,11/28/2023 00:00:00,01/02/2024 00:00:00,12/18/2023 00:00:00,Yes,Scope Change,03/15/2023 00:00:00,20
Omicron 920,11/29/2023 00:00:00,12/25/2023 00:00:00,01/09/2024 00:00:00,No,Delayed,01/21/2024 00:00:00,41
Kappa 755,11/30/2023 00:00:00,01/20/2024 00:00:00,01/06/2024 00:00:00,Yes,Scope Change,03/15/2023 00:00:00,37
Mu 17,12/01/2023 00:00:00,01/28/2024 00:00:00,01/15/2024 00:00:00,Yes,Scope Change,03/15/2023 00:00:00,45
Omega 839,12/02/2023 00:00:00,12/18/2023 00:00:00,01/28/2024 00:00:00,No,Technical Problem,02/07/2024 00:00:00,57
Gamma 552,12/03/2023 00:00:00,12/30/2023 00:00:00,02/04/2024 00:00:00,No,Resource Issues,02/14/2024 00:00:00,63
Meteor 952,12/04/2023 00:00:00,01/18/2024 00:00:00,01/11/2024 00:00:00,Yes,Scope Change,03/15/2023 00:00:00,38
Kappa 478,12/05/2023 00:00:00,12/27/2023 00:00:00,01/23/2024 00:00:00,No,Scope Change,02/06/2024 00:00:00,49
Kappa 604,12/06/2023 00:00:00,12/21/2023 00:00:00,01/10/2024 00:00:00,No,Technical Problem,01/17/2024 00:00:00,35
Zeta 112,12/07/2023 00:00:00,12/22/2023 00:00:00,01/19/2024 00:00:00,No,Scope Change,02/01/2024 00:00:00,43
Sigma 169,12/08/2023 00:00:00,01/03/2024 00:00:00,01/28/2024 00:00:00,No,Resource Issues,02/12/2024 00:00:00,51
Sigma 883,12/09/2023 00:00:00,01/16/2024 00:00:00,12/25/2023 00:00:00,Yes,Scope Change,03/15/2023 00:00:00,16
Theta 208,12/10/2023 00:00:00,01/20/2024 00:00:00,01/25/2024 00:00:00,No,Technical Problem,02/04/2024 00:00:00,46
Phoenix 600,12/11/2023 00:00:00,01/13/2024 00:00:00,12/29/2023 00:00:00,Yes,Scope Change,03/15/2023 00:00:00,18
Phi 580,12/12/2023 00:00:00,02/05/2024 00:00:00,02/15/2024 00:00:00,No,Scope Change,02/29/2024 00:00:00,65
Rho 659,12/13/2023 00:00:00,12/28/2023 00:00:00,01/15/2024 00:00:00,No,Resource Issues,01/30/2024 00:00:00,33
Pi 8,12/14/2023 00:00:00,01/29/2024 00:00:00,02/08/2024 00:00:00,No,Scope Change,02/20/2024 00:00:00,56
Orion 210,12/15/2023 00:00:00,12/29/2023 00:00:00,01/10/2024 00:00:00,No,Resource Issues,01/19/2024 00:00:00,26
Epsilon 515,12/16/2023 00:00:00,01/04/2024 00:00:00,02/21/2024 00:00:00,No,Approval Delay,03/02/2024 00:00:00,67
Kappa 444,12/17/2023 00:00:00,01/31/2024 00:00:00,02/11/2024 00:00:00,No,Scope Change,02/18/2024 00:00:00,56
Upsilon 244,12/18/2023 00:00:00,01/25/2024 00:00:00,01/27/2024 00:00:00,No,Approval Delay,02/11/2024 00:00:00,40
Meteor 850,12/19/2023 00:00:00,02/09/2024 00:00:00,01/13/2024 00:00:00,Yes,Scope Change,03/15/2023 00:00:00,25
Sirius 289,12/20/2023 00:00:00,02/07/2024 00:00:00,02/01/2024 00:00:00,Yes,Scope Change,03/15/2023 00:00:00,43
Tau 203,12/21/2023 00:00:00,01/01/2024 00:00:00,01/08/2024 00:00:00,No,Resource Issues,01/23/2024 00:00:00,18
Zeta 363,12/22/2023 00:00:00,01/04/2024 00:00:00,01/04/2024 00:00:00,Yes,Scope Change,03/15/2023 00:00:00,13
Phoenix 494,12/23/2023 00:00:00,01/03/2024 00:00:00,01/02/2024 00:00:00,Yes,Scope Change,03/15/2023 00:00:00,10
Epsilon 660,12/24/2023 00:00:00,02/14/2024 00:00:00,01/10/2024 00:00:00,Yes,Scope Change,03/15/2023 00:00:00,17
Orion 297,12/25/2023 00:00:00,02/02/2024 00:00:00,01/11/2024 00:00:00,Yes,Scope Change,03/15/2023 00:00:00,17
Orion 497,12/26/2023 00:00:00,02/06/2024 00:00:00,01/20/2024 00:00:00,Yes,Scope Change,03/15/2023 00:00:00,25
Alpha 427,12/27/2023 00:00:00,02/08/2024 00:00:00,02/03/2024 00:00:00,Yes,Scope Change,03/15/2023 00:00:00,38
Upsilon 2,12/28/2023 00:00:00,01/26/2024 00:00:00,01/25/2024 00:00:00,Yes,Scope Change,03/15/2023 00:00:00,28
Rho 530,12/29/2023 00:00:00,01/16/2024 00:00:00,02/13/2024 00:00:00,No,Delayed,02/28/2024 00:00:00,46
Chi 644,12/30/2023 00:00:00,01/31/2024 00:00:00,03/04/2024 00:00:00,No,Approval Delay,03/17/2024 00:00:00,65
Sigma 194,12/31/2023 00:00:00,02/03/2024 00:00:00,02/11/2024 00:00:00,No,Approval Delay,02/26/2024 00:00:00,42
Mu 606,01/01/2024 00:00:00,01/22/2024 00:00:00,02/22/2024 00:00:00,No,Approval Delay,03/06/2024 00:00:00,52
Xi 495,01/02/2024 00:00:00,02/04/2024 00:00:00,01/13/2024 00:00:00,Yes,Scope Change,03/15/2023 00:00:00,11
Nu 69,01/03/2024 00:00:00,01/18/2024 00:00:00,01/21/2024 00:00:00,No,Delayed,02/03/2024 00:00:00,18
Sirius 711,01/04/2024 00:00:00,01/21/2024 00:00:00,02/18/2024 00:00:00,No,Technical Problem,02/26/2024 00:00:00,45
Sirius 36,01/05/2024 00:00:00,02/05/2024 00:00:00,01/24/2024 00:00:00,Yes,Scope Change,03/15/2023 00:00:00,19
Orion 527,01/06/2024 00:00:00,02/05/2024 00:00:00,01/15/2024 00:00:00,Yes,Scope Change,03/15/2023 00:00:00,9
Gamma 504,01/07/2024 00:00:00,02/08/2024 00:00:00,01/31/2024 00:00:00,Yes,Scope Change,03/15/2023 00:00:00,24
Phoenix 215,01/08/2024 00:00:00,02/03/2024 00:00:00,01/17/2024 00:00:00,Yes,Scope Change,03/15/2023 00:00:00,9
Nu 683,01/09/2024 00:00:00,01/19/2024 00:00:00,02/09/2024 00:00:00,No,Approval Delay,02/24/2024 00:00:00,31
Omicron 392,01/10/2024 00:00:00,02/19/2024 00:00:00,01/20/2024 00:00:00,Yes,Scope Change,03/15/2023 00:00:00,10
Psi 26,01/11/2024 00:00:00,02/05/2024 00:00:00,02/11/2024 00:00:00,No,Technical Problem,02/17/2024 00:00:00,31
Zeta 673,01/12/2024 00:00:00,02/17/2024 00:00:00,03/12/2024 00:00:00,No,Scope Change,03/20/2024 00:00:00,60
Rho 169,01/13/2024 00:00:00,02/19/2024 00:00:00,02/13/2024 00:00:00,Yes,Scope Change,03/15/2023 00:00:00,31
Nu 313,01/14/2024 00:00:00,02/08/2024 00:00:00,02/24/2024 00:00:00,No,Technical Problem,03/06/2024 00:00:00,41
Zeta 782,01/15/2024 00:00:00,01/31/2024 00:00:00,03/03/2024 00:00:00,No,Approval Delay,03/12/2024 00:00:00,48
Nebula 91,01/16/2024 00:00:00,03/09/2024 00:00:00,03/25/2024 00:00:00,No,Scope Change,04/08/2024 00:00:00,69
Meteor 864,01/17/2024 00:00:00,03/07/2024 00:00:00,03/13/2024 00:00:00,No,Delayed,03/24/2024 00:00:00,56
Beta 574,01/18/2024 00:00:00,03/15/2024 00:00:00,03/11/2024 00:00:00,Yes,Scope Change,03/15/2023 00:00:00,53
Sirius 787,01/19/2024 00:00:00,02/16/2024 00:00:00,02/04/2024 00:00:00,Yes,Scope Change,03/15/2023 00:00:00,16
Omega 163,01/20/2024 00:00:00,02/17/2024 00:00:00,03/22/2024 00:00:00,No,Technical Problem,03/29/2024 00:00:00,62
Lambda 742,01/21/2024 00:00:00,02/29/2024 00:00:00,02/19/2024 00:00:00,Yes,Scope Change,03/15/2023 00:00:00,29
Omicron 20,01/22/2024 00:00:00,02/28/2024 00:00:00,03/30/2024 00:00:00,No,Technical Problem,04/14/2024 00:00:00,68
Sirius 946,01/23/2024 00:00:00,02/25/2024 00:00:00,02/28/2024 00:00:00,No,Resource Issues,03/12/2024 00:00:00,36
Theta 531,01/24/2024 00:00:00,03/19/2024 00:00:00,02/12/2024 00:00:00,Yes,Scope Change,03/15/2023 00:00:00,19
Phoenix 538,01/25/2024 00:00:00,02/28/2024 00:00:00,03/16/2024 00:00:00,No,Scope Change,03/28/2024 00:00:00,51
Eta 520,01/26/2024 00:00:00,02/15/2024 00:00:00,02/22/2024 00:00:00,No,Scope Change,03/06/2024 00:00:00,27
Mu 140,01/27/2024 00:00:00,02/18/2024 00:00:00,02/04/2024 00:00:00,Yes,Scope Change,03/15/2023 00:00:00,8
Vega 266,01/28/2024 00:00:00,02/11/2024 00:00:00,02/16/2024 00:00:00,No,Approval Delay,03/02/2024 00:00:00,19
Sirius 481,01/29/2024 00:00:00,03/24/2024 00:00:00,03/03/2024 00:00:00,Yes,Scope Change,03/15/2023 00:00:00,34
Pi 12,01/30/2024 00:00:00,03/15/2024 00:00:00,02/23/2024 00:00:00,Yes,Scope Change,03/15/2023 00:00:00,24
Sirius 567,01/31/2024 00:00:00,03/29/2024 00:00:00,03/03/2024 00:00:00,Yes,Scope Change,03/15/2023 00:00:00,32
Zeta 358,02/01/2024 00:00:00,02/20/2024 00:00:00,03/26/2024 00:00:00,No,Approval Delay,04/01/2024 00:00:00,54
Delta 662,02/02/2024 00:00:00,03/28/2024 00:00:00,03/19/2024 00:00:00,Yes,Scope Change,03/15/2023 00:00:00,46
Iota 872,02/03/2024 00:00:00,04/01/2024 00:00:00,03/21/2024 00:00:00,Yes,Scope Change,03/15/2023 00:00:00,47
Psi 282,02/04/2024 00:00:00,03/15/2024 00:00:00,03/29/2024 00:00:00,No,Approval Delay,04/10/2024 00:00:00,54
Sigma 99,02/05/2024 00:00:00,02/17/2024 00:00:00,03/27/2024 00:00:00,No,Delayed,04/07/2024 00:00:00,51
Psi 719,02/06/2024 00:00:00,02/21/2024 00:00:00,02/24/2024 00:00:00,No,Resource Issues,03/08/2024 00:00:00,18
Psi 484,02/07/2024 00:00:00,03/19/2024 00:00:00,02/20/2024 00:00:00,Yes,Scope Change,03/15/2023 00:00:00,13
Mu 435,02/08/2024 00:00:00,03/25/2024 00:00:00,04/11/2024 00:00:00,No,Delayed,04/18/2024 00:00:00,63
Phoenix 180,02/09/2024 00:00:00,02/19/2024 00:00:00,03/01/2024 00:00:00,No,Resource Issues,03/15/2024 00:00:00,21
Omega 176,02/10/2024 00:00:00,02/25/2024 00:00:00,04/02/2024 00:00:00,No,Resource Issues,04/10/2024 00:00:00,52
Tau 605,02/11/2024 00:00:00,02/21/2024 00:00:00,04/09/2024 00:00:00,No,Delayed,04/19/2024 00:00:00,58
Kappa 752,02/12/2024 00:00:00,03/17/2024 00:00:00,03/31/2024 00:00:00,No,Technical Problem,04/07/2024 00:00:00,48
Beta 344,02/13/2024 00:00:00,04/08/2024 00:00:00,03/13/2024 00:00:00,Yes,Scope Change,03/15/2023 00:00:00,29
Orion 102,02/14/2024 00:00:00,03/04/2024 00:00:00,02/24/2024 00:00:00,Yes,Scope Change,03/15/2023 00:00:00,10
Theta 910,02/15/2024 00:00:00,03/29/2024 00:00:00,04/03/2024 00:00:00,No,Approval Delay,04/10/2024 00:00:00,48
Omega 147,02/16/2024 00:00:00,03/11/2024 00:00:00,03/26/2024 00:00:00,No,Resource Issues,04/01/2024 00:00:00,39
Nu 905,02/17/2024 00:00:00,04/08/2024 00:00:00,03/04/2024 00:00:00,Yes,Scope Change,03/15/2023 00:00:00,16
Rho 152,02/18/2024 00:00:00,03/07/2024 00:00:00,04/13/2024 00:00:00,No,Scope Change,04/19/2024 00:00:00,55
Xi 298,02/19/2024 00:00:00,04/04/2024 00:00:00,04/04/2024 00:00:00,Yes,Scope Change,03/15/2023 00:00:00,45
Gamma 217,02/20/2024 00:00:00,03/27/2024 00:00:00,04/06/2024 00:00:00,No,Approval Delay,04/21/2024 00:00:00,46
Alpha 100,02/21/2024 00:00:00,03/05/2024 00:00:00,03/17/2024 00:00:00,No,Approval Delay,03/24/2024 00:00:00,25
Epsilon 872,02/22/2024 00:00:00,04/09/2024 00:00:00,03/01/2024 00:00:00,Yes,Scope Change,03/15/2023 00:00:00,8
Vega 627,02/23/2024 00:00:00,03/07/2024 00:00:00,04/01/2024 00:00:00,No,Approval Delay,04/06/2024 00:00:00,38
Omicron 324,02/24/2024 00:00:00,04/22/2024 00:00:00,04/12/2024 00:00:00,Yes,Scope Change,03/15/2023 00:00:00,48
Gamma 50,02/25/2024 00:00:00,03/11/2024 00:00:00,05/04/2024 00:00:00,No,Technical Problem,05/11/2024 00:00:00,69
Nebula 34,02/26/2024 00:00:00,03/14/2024 00:00:00,04/03/2024 00:00:00,No,Resource Issues,04/13/2024 00:00:00,37
Comet 301,02/27/2024 00:00:00,03/08/2024 00:00:00,03/21/2024 00:00:00,No,Resource Issues,03/27/2024 00:00:00,23
Nu 160,02/28/2024 00:00:00,04/04/2024 00:00:00,03/22/2024 00:00:00,Yes,Scope Change,03/15/2023 00:00:00,23
Eta 122,02/29/2024 00:00:00,03/21/2024 00:00:00,03/13/2024 00:00:00,Yes,Scope Change,03/15/2023 00:00:00,13
Zeta 999,03/01/2024 00:00:00,04/16/2024 00:00:00,04/14/2024 00:00:00,Yes,Scope Change,03/15/2023 00:00:00,44
Theta 483,03/02/2024 00:00:00,04/22/2024 00:00:00,04/02/2024 00:00:00,Yes,Scope Change,03/15/2023 00:00:00,31
Gamma 514,03/03/2024 00:00:00,04/06/2024 00:00:00,05/08/2024 00:00:00,No,Resource Issues,05/18/2024 00:00:00,66
Theta 796,03/04/2024 00:00:00,04/12/2024 00:00:00,04/06/2024 00:00:00,Yes,Scope Change,03/15/2023 00:00:00,33
Vega 304,03/05/2024 00:00:00,04/25/2024 00:00:00,03/15/2024 00:00:00,Yes,Scope Change,03/15/2023 00:00:00,10
Omicron 578,03/06/2024 00:00:00,03/24/2024 00:00:00,04/10/2024 00:00:00,No,Scope Change,04/22/2024 00:00:00,35
Rho 426,03/07/2024 00:00:00,03/28/2024 00:00:00,05/07/2024 00:00:00,No,Scope Change,05/21/2024 00:00:00,61
Delta 171,03/08/2024 00:00:00,04/13/2024 00:00:00,04/04/2024 00:00:00,Yes,Scope Change,03/15/2023 00:00:00,27
Nebula 409,03/09/2024 00:00:00,03/30/2024 00:00:00,04/25/2024 00:00:00,No,Delayed,05/02/2024 00:00:00,47
Upsilon 830,03/10/2024 00:00:00,03/25/2024 00:00:00,04/07/2024 00:00:00,No,Resource Issues,04/14/2024 00:00:00,28
Mu 100,03/11/2024 00:00:00,04/30/2024 00:00:00,05/14/2024 00:00:00,No,Approval Delay,05/25/2024 00:00:00,64
Kappa 700,03/12/2024 00:00:00,03/26/2024 00:00:00,04/19/2024 00:00:00,No,Scope Change,04/27/2024 00:00:00,38
Omicron 993,03/13/2024 00:00:00,04/14/2024 00:00:00,05/09/2024 00:00:00,No,Resource Issues,05/24/2024 00:00:00,57
Theta 476,03/14/2024 00:00:00,05/05/2024 00:00:00,04/17/2024 00:00:00,Yes,Scope Change,03/15/2023 00:00:00,34
Sigma 819,03/15/2024 00:00:00,03/28/2024 00:00:00,03/31/2024 00:00:00,No,Technical Problem,04/11/2024 00:00:00,16
Nu 286,03/16/2024 00:00:00,04/05/2024 00:00:00,04/16/2024 00:00:00,No,Technical Problem,04/30/2024 00:00:00,31
Omega 649,03/17/2024 00:00:00,04/08/2024 00:00:00,04/28/2024 00:00:00,No,Approval Delay,05/04/2024 00:00:00,42
Pi 13,03/18/2024 00:00:00,03/29/2024 00:00:00,04/07/2024 00:00:00,No,Approval Delay,04/18/2024 00:00:00,20
Vega 806,03/19/2024 00:00:00,04/21/2024 00:00:00,04/04/2024 00:00:00,Yes,Scope Change,03/15/2023 00:00:00,16
Comet 543,03/20/2024 00:00:00,05/14/2024 00:00:00,04/12/2024 00:00:00,Yes,Scope Change,03/15/2023 00:00:00,23
Gamma 666,03/21/2024 00:00:00,04/13/2024 00:00:00,04/01/2024 00:00:00,Yes,Scope Change,03/15/2023 00:00:00,11
Mu 921,03/22/2024 00:00:00,04/06/2024 00:00:00,04/03/2024 00:00:00,Yes,Scope Change,03/15/2023 00:00:00,12
Vega 273,03/23/2024 00:00:00,04/08/2024 00:00:00,05/30/2024 00:00:00,No,Approval Delay,06/11/2024 00:00:00,68
Phoenix 511,03/24/2024 00:00:00,04/26/2024 00:00:00,04/26/2024 00:00:00,Yes,Scope Change,03/15/2023 00:00:00,33
Phoenix 550,03/25/2024 00:00:00,04/06/2024 00:00:00,04/29/2024 00:00:00,No,Technical Problem,05/14/2024 00:00:00,35
Pi 209,03/26/2024 00:00:00,04/22/2024 00:00:00,04/13/2024 00:00:00,Yes,Scope Change,03/15/2023 00:00:00,18
Chi 557,03/27/2024 00:00:00,04/15/2024 00:00:00,05/06/2024 00:00:00,No,Resource Issues,05/17/2024 00:00:00,40
Theta 335,03/28/2024 00:00:00,05/07/2024 00:00:00,04/23/2024 00:00:00,Yes,Scope Change,03/15/2023 00:00:00,26
Orion 458,03/29/2024 00:00:00,05/02/2024 00:00:00,04/14/2024 00:00:00,Yes,Scope Change,03/15/2023 00:00:00,16
Sigma 927,03/30/2024 00:00:00,05/13/2024 00:00:00,05/04/2024 00:00:00,Yes,Scope Change,03/15/2023 00:00:00,35
Theta 208,03/31/2024 00:00:00,05/11/2024 00:00:00,04/25/2024 00:00:00,Yes,Scope Change,03/15/2023 00:00:00,25
Comet 509,04/01/2024 00:00:00,05/02/2024 00:00:00,05/15/2024 00:00:00,No,Resource Issues,05/23/2024 00:00:00,44
Comet 766,04/02/2024 00:00:00,04/17/2024 00:00:00,05/10/2024 00:00:00,No,Approval Delay,05/21/2024 00:00:00,38
Alpha 49,04/03/2024 00:00:00,04/27/2024 00:00:00,04/12/2024 00:00:00,Yes,Scope Change,03/15/2023 00:00:00,9
Theta 994,04/04/2024 00:00:00,05/19/2024 00:00:00,04/15/2024 00:00:00,Yes,Scope Change,03/15/2023 00:00:00,11
Eta 33,04/05/2024 00:00:00,05/31/2024 00:00:00,05/24/2024 00:00:00,Yes,Scope Change,03/15/2023 00:00:00,49
Upsilon 346,04/06/2024 00:00:00,04/18/2024 00:00:00,06/07/2024 00:00:00,No,Scope Change,06/14/2024 00:00:00,62
Omega 626,04/07/2024 00:00:00,06/02/2024 00:00:00,04/25/2024 00:00:00,Yes,Scope Change,03/15/2023 00:00:00,18
Gamma 520,04/08/2024 00:00:00,05/23/2024 00:00:00,06/06/2024 00:00:00,No,Approval Delay,06/15/2024 00:00:00,59
Rho 600,04/09/2024 00:00:00,05/03/2024 00:00:00,06/07/2024 00:00:00,No,Scope Change,06/14/2024 00:00:00,59
Phi 946,04/10/2024 00:00:00,05/25/2024 00:00:00,05/24/2024 00:00:00,Yes,Scope Change,03/15/2023 00:00:00,44
Pi 940,04/11/2024 00:00:00,04/29/2024 00:00:00,06/02/2024 00:00:00,No,Approval Delay,06/11/2024 00:00:00,52
Tau 18,04/12/2024 00:00:00,06/02/2024 00:00:00,04/30/2024 00:00:00,Yes,Scope Change,03/15/2023 00:00:00,18
Alpha 652,04/13/2024 00:00:00,05/20/2024 00:00:00,05/05/2024 00:00:00,Yes,Scope Change,03/15/2023 00:00:00,22
Kappa 839,04/14/2024 00:00:00,04/26/2024 00:00:00,04/30/2024 00:00:00,No,Technical Problem,05/07/2024 00:00:00,16
Epsilon 911,04/15/2024 00:00:00,04/26/2024 00:00:00,05/23/2024 00:00:00,No,Technical Problem,06/06/2024 00:00:00,38
Iota 345,04/16/2024 00:00:00,05/25/2024 00:00:00,06/24/2024 00:00:00,No,Approval Delay,07/07/2024 00:00:00,69
Eta 635,04/17/2024 00:00:00,05/09/2024 00:00:00,06/09/2024 00:00:00,No,Approval Delay,06/14/2024 00:00:00,53
Phoenix 832,04/18/2024 00:00:00,05/19/2024 00:00:00,05/14/2024 00:00:00,Yes,Scope Change,03/15/2023 00:00:00,26
Nu 790,04/19/2024 00:00:00,04/29/2024 00:00:00,06/05/2024 00:00:00,No,Delayed,06/16/2024 00:00:00,47
Gamma 640,04/20/2024 00:00:00,06/09/2024 00:00:00,05/21/2024 00:00:00,Yes,Scope Change,03/15/2023 00:00:00,31
Upsilon 521,04/21/2024 00:00:00,05/12/2024 00:00:00,05/30/2024 00:00:00,No,Approval Delay,06/11/2024 00:00:00,39
Upsilon 859,04/22/2024 00:00:00,06/05/2024 00:00:00,06/30/2024 00:00:00,No,Delayed,07/11/2024 00:00:00,69
Nu 209,04/23/2024 00:00:00,06/19/2024 00:00:00,06/08/2024 00:00:00,Yes,Scope Change,03/15/2023 00:00:00,46
Nebula 951,04/24/2024 00:00:00,06/04/2024 00:00:00,05/26/2024 00:00:00,Yes,Scope Change,03/15/2023 00:00:00,32
Nebula 194,04/25/2024 00:00:00,05/29/2024 00:00:00,05/05/2024 00:00:00,Yes,Scope Change,03/15/2023 00:00:00,10
Epsilon 60,04/26/2024 00:00:00,06/09/2024 00:00:00,06/08/2024 00:00:00,Yes,Scope Change,03/15/2023 00:00:00,43
Upsilon 193,04/27/2024 00:00:00,06/16/2024 00:00:00,05/28/2024 00:00:00,Yes,Scope Change,03/15/2023 00:00:00,31
Psi 311,04/28/2024 00:00:00,06/12/2024 00:00:00,06/22/2024 00:00:00,No,Delayed,07/05/2024 00:00:00,55
Epsilon 539,04/29/2024 00:00:00,06/07/2024 00:00:00,05/26/2024 00:00:00,Yes,Scope Change,03/15/2023 00:00:00,27
Delta 208,04/30/2024 00:00:00,06/12/2024 00:00:00,06/02/2024 00:00:00,Yes,Scope Change,03/15/2023 00:00:00,33
Nebula 999,05/01/2024 00:00:00,05/27/2024 00:00:00,05/26/2024 00:00:00,Yes,Scope Change,03/15/2023 00:00:00,25
Xi 320,05/02/2024 00:00:00,06/04/2024 00:00:00,06/05/2024 00:00:00,No,Approval Delay,06/12/2024 00:00:00,34
Orion 144,05/03/2024 00:00:00,06/28/2024 00:00:00,05/23/2024 00:00:00,Yes,Scope Change,03/15/2023 00:00:00,20
Meteor 260,05/04/2024 00:00:00,06/14/2024 00:00:00,06/05/2024 00:00:00,Yes,Scope Change,03/15/2023 00:00:00,32
Rho 780,05/05/2024 00:00:00,05/24/2024 00:00:00,05/15/2024 00:00:00,Yes,Scope Change,03/15/2023 00:00:00,10
Iota 253,05/06/2024 00:00:00,06/02/2024 00:00:00,05/16/2024 00:00:00,Yes,Scope Change,03/15/2023 00:00:00,10
Chi 603,05/07/2024 00:00:00,06/20/2024 00:00:00,05/31/2024 00:00:00,Yes,Scope Change,03/15/2023 00:00:00,24
Orion 876,05/08/2024 00:00:00,05/23/2024 00:00:00,06/30/2024 00:00:00,No,Resource Issues,07/10/2024 00:00:00,53
Xi 683,05/09/2024 00:00:00,07/06/2024 00:00:00,07/05/2024 00:00:00,Yes,Scope Change,03/15/2023 00:00:00,57
Comet 840,05/10/2024 00:00:00,06/10/2024 00:00:00,07/04/2024 00:00:00,No,Approval Delay,07/16/2024 00:00:00,55
Phi 599,05/11/2024 00:00:00,07/01/2024 00:00:00,05/23/2024 00:00:00,Yes,Scope Change,03/15/2023 00:00:00,12
Nu 313,05/12/2024 00:00:00,06/23/2024 00:00:00,07/18/2024 00:00:00,No,Delayed,08/01/2024 00:00:00,67
Epsilon 985,05/13/2024 00:00:00,05/28/2024 00:00:00,06/20/2024 00:00:00,No,Delayed,07/04/2024 00:00:00,38
Lambda 321,05/14/2024 00:00:00,06/11/2024 00:00:00,06/22/2024 00:00:00,No,Scope Change,07/05/2024 00:00:00,39
